PLAYER,POS,TEAM,OPP,ML,O/U,SPRD,TM/P,SAL,FPTS,VAL,PASS ATT,RUSH ATT,TARGETS,TOUCHES,TOUCHES/$,own% ownership
Patrick Mahomes,QB,KC,CIN,-258,47.5,-6,26.75,7000,22.25,3.2,35.4,4.1,0,4.1,5.6,23.19
Justin Fields,QB,PIT,DEN,-157,36.5,-3,19.75,5400,16.76,3.1,27.8,9.3,0,9.3,6.9,-
Kyler Murray,QB,ARI,LAR,-123,49.5,-1.5,25.5,6600,19.44,3,32.1,6.3,0,6.3,5.8,20.26
Trevor Lawrence,QB,JAX,CLE,-174,42,-3.5,22.75,5700,17.13,3,32.9,4.1,0,4.1,6.5,19.02
Sam Darnold,QB,MIN,SF,216,45.5,6,19.75,5200,15.35,3,34.8,2.8,0,2.8,7.2,16.64
Dak Prescott,QB,DAL,NO,-300,46,-6.5,26.25,6700,19.81,3,34.1,3.2,0,3.2,5.6,16.28
Brock Purdy,QB,SF,MIN,-268,45.5,-6,25.75,6100,18.08,3,28.6,2.3,0,2.3,5.1,15.48
Malik Willis,QB,GB,IND,145,40.5,3.5,18.5,5000,14.83,3,26.4,7.9,0,7.9,6.9,-
Joe Burrow,QB,CIN,KC,208,47.5,6,20.75,6300,18.4,2.9,37.1,3.2,0,3.2,6.4,14.41
Bo Nix,QB,DEN,PIT,132,36.5,3,16.75,5000,14.28,2.9,32.7,4.2,0,4.2,7.4,14.08
Justin Herbert,QB,LAC,CAR,-283,39,-6.5,22.75,5800,17.08,2.9,32.7,3.2,0,3.2,6.2,11.34
Matthew Stafford,QB,LAR,ARI,103,49.5,1.5,24,6000,17.43,2.9,33.9,0.9,0,0.9,5.8,11.07
Jayden Daniels,QB,WAS,NYG,-126,44,-1.5,22.75,6200,18.15,2.9,29.1,7.9,0,7.9,6,11.07
Jared Goff,QB,DET,TB,-332,51.5,-7,29.25,6400,18.18,2.8,33.6,1.5,0,1.5,5.5,10.85
Anthony Richardson,QB,IND,GB,-175,40.5,-3.5,22,6800,18.98,2.8,28.1,10,0,10,5.6,10.49
Lamar Jackson,QB,BAL,LV,-468,41.5,-9.5,25.5,7700,21.94,2.8,27.8,9.5,0,9.5,4.8,9.91
Green Bay Packers,D,GB,IND,145,40.5,3.5,18.5,2600,7.19,2.8,0,0,0,0,0,9.86
Baker Mayfield,QB,TB,DET,261,51.5,7,22.25,5900,16.67,2.8,34.8,3.2,0,3.2,6.4,9.69
Daniel Jones,QB,NYG,WAS,106,44,1.5,21.25,5300,14.78,2.8,29.9,4.9,0,4.9,6.6,-
Geno Smith,QB,SEA,NE,-180,38,-3.5,20.75,5500,15.24,2.8,31.9,2.1,0,2.1,6.2,9.45
Aaron Rodgers,QB,NYJ,TEN,-186,41,-3.5,22.25,5900,15.74,2.7,32.1,1.9,0,1.9,5.8,9.39
Deshaun Watson,QB,CLE,JAX,145,42,3.5,19.25,5600,14.87,2.7,28.9,4.5,0,4.5,6,9.21
Will Levis,QB,TEN,NYJ,153,41,3.5,18.75,5200,14.01,2.7,32.4,2.8,0,2.8,6.8,9.13
Denver Broncos,D,DEN,PIT,132,36.5,3,16.75,2800,7.19,2.6,0,0,0,0,0,8.9
Seattle Seahawks,D,SEA,NE,-180,38,-3.5,20.75,3000,7.64,2.6,0,0,0,0,0,8.21
Colby Parkinson,TE,LAR,ARI,103,49.5,1.5,24,3100,7.9,2.6,0,0,4.4,4.4,1.4,7.88
Demarcus Robinson,WR,LAR,ARI,103,49.5,1.5,24,4000,10.33,2.6,0,0.1,5.9,6,1.5,7.83
Derek Carr,QB,NO,DAL,238,46,6.5,19.75,5300,13.5,2.6,32.7,1.8,0,1.8,6.5,7.7
Jacoby Brissett,QB,NE,SEA,149,38,3.5,17.25,5000,12.83,2.6,30.4,2.7,0,2.7,6.6,7.69
Jacksonville Jaguars,D,JAX,CLE,-174,42,-3.5,22.75,3100,7.58,2.5,0,0,0,0,0,7.55
Los Angeles Chargers,D,LAC,CAR,-283,39,-6.5,22.75,3400,8.35,2.5,0,0,0,0,0,7.41
Gardner Minshew,QB,LV,BAL,358,41.5,9.5,16,5100,12.8,2.5,32.5,1.8,0,1.8,6.7,7.34
Carolina Panthers,D,CAR,LAC,228,39,6.5,16.25,2300,5.81,2.5,0,0,0,0,0,7.25
Breece Hall,RB,NYJ,TEN,-186,41,-3.5,22.25,7400,18.6,2.5,0,16.9,4.7,21.6,2.9,7.22
Bryce Young,QB,CAR,LAC,228,39,6.5,16.25,5100,12.54,2.5,30.9,2.9,0,2.9,6.6,7.21
Arizona Cardinals,D,ARI,LAR,-123,49.5,-1.5,25.5,2300,5.63,2.5,0,0,0,0,0,7.15
Cooper Kupp,WR,LAR,ARI,103,49.5,1.5,24,7600,18.74,2.5,0,0.3,10.1,10.4,1.4,7.07
Jahmyr Gibbs,RB,DET,TB,-332,51.5,-7,29.25,6600,16.01,2.4,0,11.7,4.1,15.8,2.4,7.04
New Orleans Saints,D,NO,DAL,238,46,6.5,19.75,2400,5.77,2.4,0,0,0,0,0,6.84
Kyren Williams,RB,LAR,ARI,103,49.5,1.5,24,6800,16.33,2.4,0,16.1,3.3,19.4,2.9,-
Mark Andrews,TE,BAL,LV,-468,41.5,-9.5,25.5,5000,11.88,2.4,0,0,5.9,5.9,1.2,6.64
Wan'Dale Robinson,WR,NYG,WAS,106,44,1.5,21.25,4300,10.25,2.4,0,0.7,6.3,7,1.6,6.37
Jerome Ford,RB,CLE,JAX,145,42,3.5,19.25,5900,13.68,2.3,0,14,4.1,18.1,3.1,6.26
New York Giants,D,NYG,WAS,106,44,1.5,21.25,2700,6.09,2.3,0,0,0,0,0,6.22
Garrett Wilson,WR,NYJ,TEN,-186,41,-3.5,22.25,7100,16.05,2.3,0,0.3,8.9,9.2,1.3,6.12
Baltimore Ravens,D,BAL,LV,-468,41.5,-9.5,25.5,3700,8.57,2.3,0,0,0,0,0,6.11
Ja'Marr Chase,WR,CIN,KC,208,47.5,6,20.75,7800,17.54,2.3,0,0.2,9.5,9.7,1.2,6.03
Minnesota Vikings,D,MIN,SF,216,45.5,6,19.75,2400,5.4,2.3,0,0,0,0,0,-
Pittsburgh Steelers,D,PIT,DEN,-157,36.5,-3,19.75,3500,8.18,2.3,0,0,0,0,0,5.9
Indianapolis Colts,D,IND,GB,-175,40.5,-3.5,22,3300,7.66,2.3,0,0,0,0,0,-
Greg Dulcich,TE,DEN,PIT,132,36.5,3,16.75,2900,6.62,2.3,0,0,4.3,4.3,1.5,5.75
Josh Jacobs,RB,GB,IND,145,40.5,3.5,18.5,6500,14.99,2.3,0,16.2,2.6,18.8,2.9,5.63
CeeDee Lamb,WR,DAL,NO,-300,46,-6.5,26.25,8800,20.03,2.3,0,0.7,9.8,10.5,1.2,5.6
Christian McCaffrey,RB,SF,MIN,-268,45.5,-6,25.75,8700,19.74,2.3,0,13.3,3.8,17.1,2,5.59
Gabe Davis,WR,JAX,CLE,-174,42,-3.5,22.75,4400,10.07,2.3,0,0.1,5.6,5.7,1.3,5.59
Amon-Ra St. Brown,WR,DET,TB,-332,51.5,-7,29.25,8100,18.67,2.3,0,0.4,9.2,9.6,1.2,5.53
Travis Kelce,TE,KC,CIN,-258,47.5,-6,26.75,6200,14.44,2.3,0,0.1,7.2,7.3,1.2,5.49
Sam LaPorta,TE,DET,TB,-332,51.5,-7,29.25,6300,14.75,2.3,0,0,7.2,7.2,1.1,5.47
Rashee Rice,WR,KC,CIN,-258,47.5,-6,26.75,6700,15.05,2.3,0,0.1,8,8.1,1.2,5.47
Theo Johnson,TE,NYG,WAS,106,44,1.5,21.25,2600,5.97,2.3,0,0,3.8,3.8,1.5,5.47
Jaxon Smith-Njigba,WR,SEA,NE,-180,38,-3.5,20.75,4900,11.09,2.3,0,0.1,6.5,6.6,1.4,5.38
Ja'Tavion Sanders,TE,CAR,LAC,228,39,6.5,16.25,2600,5.66,2.2,0,0,3.8,3.8,1.5,5.33
James Conner,RB,ARI,LAR,-123,49.5,-1.5,25.5,6400,14.16,2.2,0,14.8,2.9,17.7,2.8,5.32
Brian Thomas,WR,JAX,CLE,-174,42,-3.5,22.75,4800,10.72,2.2,0,0.1,6.3,6.4,1.3,5.29
San Francisco 49ers,D,SF,MIN,-268,45.5,-6,25.75,3600,7.74,2.2,0,0,0,0,0,-
Isiah Pacheco,RB,KC,CIN,-258,47.5,-6,26.75,6900,14.99,2.2,0,14.2,3.1,17.3,2.5,5.22
Jameson Williams,WR,DET,TB,-332,51.5,-7,29.25,5300,11.68,2.2,0,0.4,5.8,6.2,1.2,5.18
Brandon Aiyuk,WR,SF,MIN,-268,45.5,-6,25.75,6500,14.19,2.2,0,0.1,6.6,6.7,1,5.16
Tennessee Titans,D,TEN,NYJ,153,41,3.5,18.75,2700,5.95,2.2,0,0,0,0,0,5.16
Chris Godwin,WR,TB,DET,261,51.5,7,22.25,6000,12.93,2.2,0,0.2,7.8,8,1.3,5.1
Derrick Henry,RB,BAL,LV,-468,41.5,-9.5,25.5,6700,14.5,2.2,0,15.7,1.4,17.1,2.6,4.78
Washington Commanders,D,WAS,NYG,-126,44,-1.5,22.75,3000,6.54,2.2,0,0,0,0,0,4.45
Malik Nabers,WR,NYG,WAS,106,44,1.5,21.25,5900,12.78,2.2,0,0.1,7.7,7.8,1.3,4.45
Hayden Hurst,TE,LAC,CAR,-283,39,-6.5,22.75,3000,6.47,2.2,0,0,3.9,3.9,1.3,4.41
Allen Lazard,WR,NYJ,TEN,-186,41,-3.5,22.25,3300,7.3,2.2,0,0.3,4.3,4.6,1.4,4.34
Christian Kirk,WR,JAX,CLE,-174,42,-3.5,22.75,5500,12.12,2.2,0,0.1,6.8,6.9,1.3,4.18
Tyler Lockett,WR,SEA,NE,-180,38,-3.5,20.75,5300,10.95,2.1,0,0.1,6.2,6.3,1.2,-
New England Patriots,D,NE,SEA,149,38,3.5,17.25,2800,5.91,2.1,0,0,0,0,0,4.15
New York Jets,D,NYJ,TEN,-186,41,-3.5,22.25,3800,8.09,2.1,0,0,0,0,0,4.05
George Kittle,TE,SF,MIN,-268,45.5,-6,25.75,5500,11.74,2.1,0,0.1,5.3,5.4,1,4
Las Vegas Raiders,D,LV,BAL,358,41.5,9.5,16,2500,5.34,2.1,0,0,0,0,0,3.95
Diontae Johnson,WR,CAR,LAC,228,39,6.5,16.25,5100,10.53,2.1,0,0.1,7.1,7.2,1.4,3.93
Chris Olave,WR,NO,DAL,238,46,6.5,19.75,6400,13.53,2.1,0,0.1,8.1,8.2,1.3,3.86
Rashid Shaheed,WR,NO,DAL,238,46,6.5,19.75,4600,9.75,2.1,0,0.5,5.5,6,1.3,3.69
DK Metcalf,WR,SEA,NE,-180,38,-3.5,20.75,5900,12.53,2.1,0,0.1,7.1,7.2,1.2,3.66
Terry McLaurin,WR,WAS,NYG,-126,44,-1.5,22.75,5700,12.1,2.1,0,0.1,7.2,7.3,1.3,3.65
Jalen McMillan,WR,TB,DET,261,51.5,7,22.25,3600,7.57,2.1,0,0.2,4.4,4.6,1.3,3.56
Greg Dortch,WR,ARI,LAR,-123,49.5,-1.5,25.5,4600,9.47,2.1,0,0.4,5.7,6.1,1.3,3.56
Zay Flowers,WR,BAL,LV,-468,41.5,-9.5,25.5,6300,13.29,2.1,0,0.5,6.8,7.3,1.2,3.43
Andrei Iosivas,WR,CIN,KC,208,47.5,6,20.75,3800,8.12,2.1,0,0.1,4.8,4.9,1.3,-
Elijah Moore,WR,CLE,JAX,145,42,3.5,19.25,3600,7.41,2.1,0,0.3,5,5.3,1.5,3.37
Najee Harris,RB,PIT,DEN,-157,36.5,-3,19.75,5500,11.62,2.1,0,15.5,2.1,17.6,3.2,-
George Pickens,WR,PIT,DEN,-157,36.5,-3,19.75,5800,12.23,2.1,0,0.1,7,7.1,1.2,3.31
Kenneth Walker,RB,SEA,NE,-180,38,-3.5,20.75,6300,12.96,2.1,0,15.3,2.9,18.2,2.9,3.29
Deebo Samuel,WR,SF,MIN,-268,45.5,-6,25.75,6800,14.02,2.1,0,2.5,5.7,8.2,1.2,3.27
Rhamondre Stevenson,RB,NE,SEA,149,38,3.5,17.25,6200,12.96,2.1,0,15.5,3.6,19.1,3.1,3.26
Brian Robinson,RB,WAS,NYG,-126,44,-1.5,22.75,5800,11.32,2,0,13.1,2.5,15.6,2.7,3.25
Joshua Palmer,WR,LAC,CAR,-283,39,-6.5,22.75,5000,10.11,2,0,0.1,5.6,5.7,1.1,3.25
Tucker Kraft,TE,GB,IND,145,40.5,3.5,18.5,3300,6.48,2,0,0,4,4,1.2,3.24
Jaleel McLaughlin,RB,DEN,PIT,132,36.5,3,16.75,4500,8.98,2,0,8.8,3.3,12.1,2.7,3.24
Jonathan Taylor,RB,IND,GB,-175,40.5,-3.5,22,7700,15.69,2,0,17.9,2.5,20.4,2.6,3.23
Marquise Brown,WR,KC,CIN,-258,47.5,-6,26.75,5600,11.35,2,0,0.2,5.7,5.9,1.1,3.22
Aaron Jones,RB,MIN,SF,216,45.5,6,19.75,6100,12.29,2,0,12.1,3.6,15.7,2.6,3.16
Alvin Kamara,RB,NO,DAL,238,46,6.5,19.75,7000,13.62,2,0,13.3,4.8,18.1,2.6,3.12
Cincinnati Bengals,D,CIN,KC,208,47.5,6,20.75,2600,5.25,2,0,0,0,0,0,3.11
Rachaad White,RB,TB,DET,261,51.5,7,22.25,6300,12.57,2,0,11.8,3.8,15.6,2.5,3.11
Devaughn Vele,WR,DEN,PIT,132,36.5,3,16.75,3400,6.91,2,0,0,4.5,4.5,1.3,3.04
Justin Jefferson,WR,MIN,SF,216,45.5,6,19.75,8300,16.44,2,0,0.1,9.7,9.8,1.2,3.03
Detroit Lions,D,DET,TB,-332,51.5,-7,29.25,2900,5.86,2,0,0,0,0,0,2.98
Courtland Sutton,WR,DEN,PIT,132,36.5,3,16.75,5400,10.65,2,0,0.1,6.6,6.7,1.2,2.96
Ladd McConkey,WR,LAC,CAR,-283,39,-6.5,22.75,4900,10.01,2,0,0.1,5.7,5.8,1.2,2.87
Jordan Mason,RB,SF,MIN,-268,45.5,-6,25.75,5200,10.56,2,0,10.9,2.2,13.1,2.5,2.85
Adonai Mitchell,WR,IND,GB,-175,40.5,-3.5,22,4000,8.03,2,0,0.1,5,5.1,1.3,2.85
Amari Cooper,WR,CLE,JAX,145,42,3.5,19.25,6200,12.58,2,0,0.1,7.4,7.5,1.2,2.84
Calvin Ridley,WR,TEN,NYJ,153,41,3.5,18.75,5800,11.69,2,0,0.3,7,7.3,1.3,2.82
Tee Higgins,WR,CIN,KC,208,47.5,6,20.75,5900,11.94,2,0,0.1,6.5,6.6,1.1,2.78
Devin Singletary,RB,NYG,WAS,106,44,1.5,21.25,5700,11.1,2,0,13.5,2.8,16.3,2.9,-
Dallas Cowboys,D,DAL,NO,-300,46,-6.5,26.25,4000,7.71,1.9,0,0,0,0,0,-
Luke McCaffrey,WR,WAS,NYG,-126,44,-1.5,22.75,3800,7.18,1.9,0,0.3,4.4,4.7,1.2,2.74
David Montgomery,RB,DET,TB,-332,51.5,-7,29.25,6000,11.56,1.9,0,11.9,1.5,13.4,2.2,2.73
J.K. Dobbins,RB,LAC,CAR,-283,39,-6.5,22.75,5400,10.38,1.9,0,11.3,2.2,13.5,2.5,2.72
Rashod Bateman,WR,BAL,LV,-468,41.5,-9.5,25.5,3900,7.5,1.9,0,0.1,4.1,4.2,1.1,2.71
Los Angeles Rams,D,LAR,ARI,103,49.5,1.5,24,2900,5.46,1.9,0,0,0,0,0,2.7
Olamide Zaccheaus,WR,WAS,NYG,-126,44,-1.5,22.75,3000,5.63,1.9,0,0.2,3.2,3.4,1.1,2.67
Michael Pittman,WR,IND,GB,-175,40.5,-3.5,22,6600,12.48,1.9,0,0.1,7.3,7.4,1.1,2.58
Jayden Reed,WR,GB,IND,145,40.5,3.5,18.5,6000,11.64,1.9,0,0.7,6.1,6.8,1.1,2.57
DeMario Douglas,WR,NE,SEA,149,38,3.5,17.25,4500,8.33,1.9,0,0.3,5.1,5.4,1.2,2.53
Michael Wilson,WR,ARI,LAR,-123,49.5,-1.5,25.5,4300,8.15,1.9,0,0.1,4.7,4.8,1.1,2.4
Marvin Harrison,WR,ARI,LAR,-123,49.5,-1.5,25.5,6900,13.02,1.9,0,0.1,6.9,7,1,2.37
Ja'Lynn Polk,WR,NE,SEA,149,38,3.5,17.25,3800,7.21,1.9,0,0,4.8,4.8,1.3,2.33
Kansas City Chiefs,D,KC,CIN,-258,47.5,-6,26.75,3200,6.03,1.9,0,0,0,0,0,2.33
Trey McBride,TE,ARI,LAR,-123,49.5,-1.5,25.5,6000,11.66,1.9,0,0,6.9,6.9,1.2,2.31
Jordan Addison,WR,MIN,SF,216,45.5,6,19.75,5200,9.72,1.9,0,0.1,5.5,5.6,1.1,2.29
Jerry Jeudy,WR,CLE,JAX,145,42,3.5,19.25,5100,9.6,1.9,0,0.1,5.5,5.6,1.1,2.27
Noah Fant,TE,SEA,NE,-180,38,-3.5,20.75,3600,6.99,1.9,0,0,4.1,4.1,1.1,2.22
Taysom Hill,TE,NO,DAL,238,46,6.5,19.75,3900,7.08,1.8,0.7,4.8,2.1,6.9,1.9,2.2
Mike Evans,WR,TB,DET,261,51.5,7,22.25,7500,13.37,1.8,0,0.1,7.4,7.5,1,-
Ezekiel Elliott,RB,DAL,NO,-300,46,-6.5,26.25,5700,10.35,1.8,0,10.6,2.2,12.8,2.2,-
Travis Etienne,RB,JAX,CLE,-174,42,-3.5,22.75,7200,13.06,1.8,0,13.4,3.6,17,2.4,2.11
Jakobi Meyers,WR,LV,BAL,358,41.5,9.5,16,5100,9.33,1.8,0.1,0.2,5.9,6.1,1.2,2.07
Chase Brown,RB,CIN,KC,208,47.5,6,20.75,4700,8.42,1.8,0,8.1,2.7,10.8,2.3,-
Zack Moss,RB,CIN,KC,208,47.5,6,20.75,5600,10.02,1.8,0,10.2,2.8,13,2.3,2.05
Hunter Henry,TE,NE,SEA,149,38,3.5,17.25,3800,6.95,1.8,0,0,4.3,4.3,1.1,-
Xavier Worthy,WR,KC,CIN,-258,47.5,-6,26.75,6100,10.83,1.8,0,0.2,5.5,5.7,0.9,1.87
Davante Adams,WR,LV,BAL,358,41.5,9.5,16,7300,13.12,1.8,0,0.1,9.2,9.3,1.3,1.73
Cade Otton,TE,TB,DET,261,51.5,7,22.25,3600,6.59,1.8,0,0,3.8,3.8,1.1,1.7
Tyler Conklin,TE,NYJ,TEN,-186,41,-3.5,22.25,3500,6.3,1.8,0,0,3.8,3.8,1.1,1.63
Cleveland Browns,D,CLE,JAX,145,42,3.5,19.25,3300,5.99,1.8,0,0,0,0,0,1.63
Jalen Tolbert,WR,DAL,NO,-300,46,-6.5,26.25,3500,6.37,1.8,0,0.1,3.7,3.8,1.1,1.61
Brock Bowers,TE,LV,BAL,358,41.5,9.5,16,4400,8.07,1.8,0,0,5,5,1.1,1.59
Tony Pollard,RB,TEN,NYJ,153,41,3.5,18.75,5900,10.27,1.7,0,13.2,2.4,15.6,2.6,1.58
Van Jefferson,WR,PIT,DEN,-157,36.5,-3,19.75,3400,5.67,1.7,0,0.2,3.3,3.5,1,1.53
Isaiah Likely,TE,BAL,LV,-468,41.5,-9.5,25.5,4800,8.37,1.7,0,0,4.5,4.5,0.9,1.48
Jonathan Mingo,WR,CAR,LAC,228,39,6.5,16.25,3200,5.27,1.7,0,0,3.7,3.7,1.2,1.43
Tyler Johnson,WR,LAR,ARI,103,49.5,1.5,24,3300,5.73,1.7,0,0,4.6,4.6,1.4,1.4
Christian Watson,WR,GB,IND,145,40.5,3.5,18.5,5000,8.64,1.7,0,0.3,5.4,5.7,1.1,1.37
Tyjae Spears,RB,TEN,NYJ,153,41,3.5,18.75,5000,8.72,1.7,0,6.8,3.4,10.2,2,1.32
Tampa Bay Buccaneers,D,TB,DET,261,51.5,7,22.25,2500,4.12,1.7,0,0,0,0,0,1.32
Foster Moreau,TE,NO,DAL,238,46,6.5,19.75,2600,4.29,1.7,0,0,2.6,2.6,1,1.31
Josh Reynolds,WR,DEN,PIT,132,36.5,3,16.75,4300,7.12,1.7,0,0.1,4.6,4.7,1.1,-
Zach Ertz,TE,WAS,NYG,-126,44,-1.5,22.75,3500,5.96,1.7,0,0,3.9,3.9,1.1,1.24
DeAndre Hopkins,WR,TEN,NYJ,153,41,3.5,18.75,5400,9.36,1.7,0,0.1,5.9,6,1.1,1.24
Adam Thielen,WR,CAR,LAC,228,39,6.5,16.25,5200,8.86,1.7,0,0.1,5.9,6,1.1,-
Evan Engram,TE,JAX,CLE,-174,42,-3.5,22.75,5400,9.42,1.7,0,0,5.6,5.6,1,1.22
Brandin Cooks,WR,DAL,NO,-300,46,-6.5,26.25,5600,9.45,1.7,0,0.2,5,5.2,0.9,1.21
Pat Freiermuth,TE,PIT,DEN,-157,36.5,-3,19.75,4100,7.03,1.7,0,0,4.5,4.5,1.1,1.18
Josh Downs,WR,IND,GB,-175,40.5,-3.5,22,4800,7.64,1.6,0,0.1,4.6,4.7,1,1.18
Javonte Williams,RB,DEN,PIT,132,36.5,3,16.75,5500,8.85,1.6,0,11.4,2.4,13.8,2.5,1.15
Tre Tucker,WR,LV,BAL,358,41.5,9.5,16,3400,5.57,1.6,0,0.4,3.5,3.9,1.1,1.13
Quentin Johnston,WR,LAC,CAR,-283,39,-6.5,22.75,4100,6.39,1.6,0,0,3.9,3.9,1,1.12
Darius Slayton,WR,NYG,WAS,106,44,1.5,21.25,4100,6.45,1.6,0,0.1,3.8,3.9,0.9,1.11
Brandon Powell,WR,MIN,SF,216,45.5,6,19.75,3300,5.26,1.6,0,0.6,3.3,3.9,1.2,1.1
Jake Ferguson,TE,DAL,NO,-300,46,-6.5,26.25,4700,7.28,1.6,0,0,4,4,0.9,-
Jaylen Warren,RB,PIT,DEN,-157,36.5,-3,19.75,5400,8.47,1.6,0,7.1,2.9,10,1.9,1.08
K.J. Osborn,WR,NE,SEA,149,38,3.5,17.25,3900,6.4,1.6,0,0.1,4.1,4.2,1.1,1.05
Chuba Hubbard,RB,CAR,LAC,228,39,6.5,16.25,5300,8.45,1.6,0,10.7,2.1,12.8,2.4,1.04
Xavier Legette,WR,CAR,LAC,228,39,6.5,16.25,4700,7.4,1.6,0,0.2,5.1,5.3,1.1,0.97
Tyquan Thornton,WR,NE,SEA,149,38,3.5,17.25,3300,5.37,1.6,0,0.4,3.7,4.1,1.2,0.97
Jauan Jennings,WR,SF,MIN,-268,45.5,-6,25.75,4300,6.99,1.6,0,0.1,3.7,3.8,0.9,0.94
Kalif Raymond,WR,DET,TB,-332,51.5,-7,29.25,3500,5.06,1.5,0,0.5,2.5,3,0.9,0.91
Tyler Boyd,WR,TEN,NYJ,153,41,3.5,18.75,4400,6.37,1.5,0,0.1,4.1,4.2,1,0.87
Mike Gesicki,TE,CIN,KC,208,47.5,6,20.75,3100,4.63,1.5,0,0,2.9,2.9,0.9,0.84
Austin Ekeler,RB,WAS,NYG,-126,44,-1.5,22.75,5700,8.66,1.5,0,5.5,3.4,8.9,1.6,0.84
Chigoziem Okonkwo,TE,TEN,NYJ,153,41,3.5,18.75,4000,5.78,1.5,0,0.1,3.6,3.7,0.9,0.83
Romeo Doubs,WR,GB,IND,145,40.5,3.5,18.5,5700,8.38,1.5,0,0.1,5.1,5.2,0.9,0.79
Justice Hill,RB,BAL,LV,-468,41.5,-9.5,25.5,5200,7.1,1.4,0,2.2,3.5,5.7,1.1,0.79
Michael Mayer,TE,LV,BAL,358,41.5,9.5,16,2900,4.03,1.4,0,0,2.7,2.7,0.9,0.74
Zach Charbonnet,RB,SEA,NE,-180,38,-3.5,20.75,5800,8.2,1.4,0,8.1,2.5,10.6,1.8,0.68
Noah Gray,TE,KC,CIN,-258,47.5,-6,26.75,2800,3.96,1.4,0,0,2.1,2.1,0.8,0.66
Luke Schoonmaker,TE,DAL,NO,-300,46,-6.5,26.25,2900,4.15,1.4,0,0,2.1,2.1,0.7,0.6
Roman Wilson,WR,PIT,DEN,-157,36.5,-3,19.75,3200,4.33,1.4,0,0.1,2.6,2.7,0.9,-
Zamir White,RB,LV,BAL,358,41.5,9.5,16,5600,7.94,1.4,0,11.6,1.5,13.1,2.3,0.59
Alexander Mattison,RB,LV,BAL,358,41.5,9.5,16,5300,7.37,1.4,0,6.9,2.8,9.7,1.8,0.59
Adam Trautman,TE,DEN,PIT,132,36.5,3,16.75,2700,3.8,1.4,0,0,2.3,2.3,0.9,0.55
Rico Dowdle,RB,DAL,NO,-300,46,-6.5,26.25,4800,6.86,1.4,0,7.5,1.5,9,1.9,0.55
Gus Edwards,RB,LAC,CAR,-283,39,-6.5,22.75,5200,6.49,1.3,0,7.1,1.2,8.3,1.6,0.55
Tank Bigsby,RB,JAX,CLE,-174,42,-3.5,22.75,5100,6.45,1.3,0,7.4,1.4,8.8,1.7,-
Ty Chandler,RB,MIN,SF,216,45.5,6,19.75,5300,6.83,1.3,0,7.3,2.1,9.4,1.8,0.5
Tanner Hudson,TE,CIN,KC,208,47.5,6,20.75,2800,3.49,1.3,0,0,2,2,0.7,0.5
Juwan Johnson,TE,NO,DAL,238,46,6.5,19.75,3700,4.83,1.3,0,0,2.8,2.8,0.8,0.49
A.T. Perry,WR,NO,DAL,238,46,6.5,19.75,3400,4.28,1.3,0,0.1,2.7,2.8,0.8,0.45
Josh Whyle,TE,TEN,NYJ,153,41,3.5,18.75,2500,3.26,1.3,0,0,1.9,1.9,0.8,0.45
Dyami Brown,WR,WAS,NYG,-126,44,-1.5,22.75,3200,4.04,1.3,0,0.1,2.3,2.4,0.8,0.43
Mike Williams,WR,NYJ,TEN,-186,41,-3.5,22.25,5600,6.49,1.2,0,0,3.5,3.5,0.6,0.42
Treylon Burks,WR,TEN,NYJ,153,41,3.5,18.75,3400,4.05,1.2,0,0.3,2.6,2.9,0.8,-
Noah Brown,WR,WAS,NYG,-126,44,-1.5,22.75,3200,3.86,1.2,0,0.1,2.1,2.2,0.7,0.36
David Njoku,TE,CLE,JAX,145,42,3.5,19.25,5300,6.41,1.2,0,0,4,4,0.8,0.35
Jordan Akins,TE,CLE,JAX,145,42,3.5,19.25,3000,3.53,1.2,0,0,2.1,2.1,0.7,0.35
Johnny Mundt,TE,MIN,SF,216,45.5,6,19.75,3200,3.88,1.2,0,0,2.4,2.4,0.8,-
Luke Musgrave,TE,GB,IND,145,40.5,3.5,18.5,3400,3.93,1.2,0,0,2.3,2.3,0.7,0.32
Bucky Irving,RB,TB,DET,261,51.5,7,22.25,4900,5.92,1.2,0,7.2,1.4,8.6,1.8,0.32
Alec Pierce,WR,IND,GB,-175,40.5,-3.5,22,4500,4.94,1.1,0,0.1,3,3.1,0.7,-
Dontayvion Wicks,WR,GB,IND,145,40.5,3.5,18.5,4700,4.98,1.1,0,0.1,2.7,2.8,0.6,0.27
Calvin Austin,WR,PIT,DEN,-157,36.5,-3,19.75,3100,3.37,1.1,0,0.4,2.1,2.5,0.8,0.27
Antonio Gibson,RB,NE,SEA,149,38,3.5,17.25,4800,4.93,1,0,4.9,1.7,6.6,1.4,0.26
Jamaal Williams,RB,NO,DAL,238,46,6.5,19.75,4800,4.61,1,0,6.7,0.7,7.4,1.5,0.26
Justin Watson,WR,KC,CIN,-258,47.5,-6,26.75,3300,3.31,1,0,0,1.8,1.8,0.5,0.24
Samaje Perine,RB,KC,CIN,-258,47.5,-6,26.75,4500,4.47,1,0,2.1,1.8,3.9,0.9,0.24
MarShawn Lloyd,RB,GB,IND,145,40.5,3.5,18.5,4900,4.77,1,0,4.8,1.2,6,1.2,0.23
Jordan Whittington,WR,LAR,ARI,103,49.5,1.5,24,3500,3.5,1,0,0,1.9,1.9,0.5,0.22
Cedrick Wilson,WR,NO,DAL,238,46,6.5,19.75,3500,3.53,1,0,0.1,2.1,2.2,0.6,0.21
Ben Sinnott,TE,WAS,NYG,-126,44,-1.5,22.75,2600,2.45,0.9,0,0,1.4,1.4,0.5,0.21
Tyrone Tracy,RB,NYG,WAS,106,44,1.5,21.25,4300,3.74,0.9,0,3.1,1.2,4.3,1,0.2
Miles Sanders,RB,CAR,LAC,228,39,6.5,16.25,5200,4.54,0.9,0,6.9,1.2,8.1,1.6,0.2
Jeremy Ruckert,TE,NYJ,TEN,-186,41,-3.5,22.25,2800,2.45,0.9,0,0,1.5,1.5,0.5,0.19
Javon Baker,WR,NE,SEA,149,38,3.5,17.25,3000,2.57,0.9,0,0,0.8,0.8,0.3,0.19
Jalin Hyatt,WR,NYG,WAS,106,44,1.5,21.25,3100,2.93,0.9,0,0,1.9,1.9,0.6,0.19
Trey Benson,RB,ARI,LAR,-123,49.5,-1.5,25.5,5100,4.82,0.9,0,3.8,1.5,5.3,1,0.18
Trenton Irwin,WR,CIN,KC,208,47.5,6,20.75,3700,3.19,0.9,0,0.1,1.8,1.9,0.5,-
Cedric Tillman,WR,CLE,JAX,145,42,3.5,19.25,3100,2.67,0.9,0,0,1.8,1.8,0.6,0.18
Trey Palmer,WR,TB,DET,261,51.5,7,22.25,3300,3.1,0.9,0,0.2,1.9,2.1,0.6,0.18
Elijah Higgins,TE,ARI,LAR,-123,49.5,-1.5,25.5,2500,2.13,0.9,0,0,1.2,1.2,0.5,0.17
Malachi Corley,WR,NYJ,TEN,-186,41,-3.5,22.25,3000,2.35,0.8,0,0.1,1.3,1.4,0.5,0.15
Payne Durham,TE,TB,DET,261,51.5,7,22.25,2500,1.94,0.8,0,0,1.1,1.1,0.4,0.15
Will Mallory,TE,IND,GB,-175,40.5,-3.5,22,2500,1.92,0.8,0,0,1.1,1.1,0.4,0.14
Brenton Strange,TE,JAX,CLE,-174,42,-3.5,22.75,2500,1.96,0.8,0,0,1.1,1.1,0.4,0.14
Lucas Krull,TE,DEN,PIT,132,36.5,3,16.75,2500,1.96,0.8,0,0,1.3,1.3,0.5,0.14
Marvin Mims,WR,DEN,PIT,132,36.5,3,16.75,3300,2.76,0.8,0,0.1,1.5,1.6,0.5,0.13
Darnell Washington,TE,PIT,DEN,-157,36.5,-3,19.75,2500,1.96,0.8,0,0,1.2,1.2,0.5,0.12
Parker Washington,WR,JAX,CLE,-174,42,-3.5,22.75,3100,2.57,0.8,0,0.1,1.5,1.6,0.5,0.11
KaVontae Turpin,WR,DAL,NO,-300,46,-6.5,26.25,3400,2.57,0.8,0,0.6,1,1.6,0.5,0.1
Derius Davis,WR,LAC,CAR,-283,39,-6.5,22.75,3000,2.47,0.8,0,0.3,1.1,1.4,0.5,0.1
Jake Bobo,WR,SEA,NE,-180,38,-3.5,20.75,3000,2.3,0.8,0,0,1.3,1.3,0.4,0.1
Eric Gray,RB,NYG,WAS,106,44,1.5,21.25,4100,3.11,0.8,0,3.3,0.9,4.2,1,0.1
Austin Hooper,TE,NE,SEA,149,38,3.5,17.25,3000,2.53,0.8,0,0,1.6,1.6,0.5,0.09
Pierre Strong,RB,CLE,JAX,145,42,3.5,19.25,4000,3.35,0.8,0,2.5,1.3,3.8,1,0.09
Xavier Gipson,WR,NYJ,TEN,-186,41,-3.5,22.25,3400,2.55,0.8,0,0.2,1.3,1.5,0.5,0.09
Josh Oliver,TE,MIN,SF,216,45.5,6,19.75,3400,2.69,0.8,0,0,1.6,1.6,0.5,0.08
Kylen Granson,TE,IND,GB,-175,40.5,-3.5,22,2900,2.29,0.8,0,0,1.4,1.4,0.5,0.08
Brock Wright,TE,DET,TB,-332,51.5,-7,29.25,2600,1.75,0.7,0,0,0.9,0.9,0.3,0.08
Tommy Tremble,TE,CAR,LAC,228,39,6.5,16.25,2500,1.83,0.7,0,0,1.2,1.2,0.5,0.08
Braelon Allen,RB,NYJ,TEN,-186,41,-3.5,22.25,5000,3.49,0.7,0,4.1,0.6,4.7,0.9,0.07
Jalen Nailor,WR,MIN,SF,216,45.5,6,19.75,3900,2.87,0.7,0,0,2.2,2.2,0.6,0.07
Drew Sample,TE,CIN,KC,208,47.5,6,20.75,2500,1.8,0.7,0,0,1.1,1.1,0.4,0.07
Davis Allen,TE,LAR,ARI,103,49.5,1.5,24,2800,2.05,0.7,0,0,1.1,1.1,0.4,0.07
Emari Demercado,RB,ARI,LAR,-123,49.5,-1.5,25.5,4400,3.11,0.7,0,1.4,1.4,2.8,0.6,0.06
Bo Melton,WR,GB,IND,145,40.5,3.5,18.5,3200,1.76,0.6,0,0,1,1,0.3,0.06
Daniel Bellinger,TE,NYG,WAS,106,44,1.5,21.25,2800,1.74,0.6,0,0,1.1,1.1,0.4,0.06
Audric Estime,RB,DEN,PIT,132,36.5,3,16.75,4000,2.44,0.6,0,3.1,0.6,3.7,0.9,0.05
Trent Sherfield,WR,MIN,SF,216,45.5,6,19.75,3200,1.94,0.6,0,0.1,1.2,1.3,0.4,0.04
Nelson Agholor,WR,BAL,LV,-468,41.5,-9.5,25.5,3600,2.33,0.6,0,0.1,1.2,1.3,0.4,0.04
Peyton Hendershot,TE,KC,CIN,-258,47.5,-6,26.75,2500,1.54,0.6,0,0,0.8,0.8,0.3,0.04
AJ Barner,TE,SEA,NE,-180,38,-3.5,20.75,2500,1.5,0.6,0,0,0.9,0.9,0.4,0.04
Jacob Cowing,WR,SF,MIN,-268,45.5,-6,25.75,3300,1.99,0.6,0,0.1,1.1,1.2,0.4,0.04
Jalen Brooks,WR,DAL,NO,-300,46,-6.5,26.25,3200,1.96,0.6,0,0,1.3,1.3,0.4,0.03
Ronnie Bell,WR,SF,MIN,-268,45.5,-6,25.75,3000,1.91,0.6,0,0.1,1,1.1,0.4,0.03
Nick Westbrook-Ikhine,WR,TEN,NYJ,153,41,3.5,18.75,3200,2.05,0.6,0,0.1,1.3,1.4,0.4,0.03
Bub Means,WR,NO,DAL,238,46,6.5,19.75,3000,1.84,0.6,0,0,1.2,1.2,0.4,0.03
Ronnie Rivers,RB,LAR,ARI,103,49.5,1.5,24,4000,2.17,0.5,0,2.5,0.3,2.8,0.7,0.03
Laviska Shenault,WR,SEA,NE,-180,38,-3.5,20.75,3000,1.58,0.5,0,1,0.9,1.9,0.6,0.02
JuJu Smith-Schuster,WR,KC,CIN,-258,47.5,-6,26.75,3500,1.8,0.5,0,0.1,1,1.1,0.3,0.02
Deonte Harty,WR,BAL,LV,-468,41.5,-9.5,25.5,3000,1.53,0.5,0,0.2,0.7,0.9,0.3,0.02
Mo Alie-Cox,TE,IND,GB,-175,40.5,-3.5,22,2500,1.34,0.5,0,0,0.8,0.8,0.3,0.02
Anthony Gould,WR,IND,GB,-175,40.5,-3.5,22,3000,1.39,0.5,0,0,0.9,0.9,0.3,0.02
Cordarrelle Patterson,RB,PIT,DEN,-157,36.5,-3,19.75,4400,2.37,0.5,0,1.9,0.7,2.6,0.6,0.02
David Moore,WR,CAR,LAC,228,39,6.5,16.25,3000,1.44,0.5,0,0,0.9,0.9,0.3,0.02
Devontez Walker,WR,BAL,LV,-468,41.5,-9.5,25.5,3000,1.43,0.5,0,0,0.8,0.8,0.3,0.02
Pharaoh Brown,TE,SEA,NE,-180,38,-3.5,20.75,2500,1.17,0.5,0,0,0.6,0.6,0.2,-
Tim Jones,WR,JAX,CLE,-174,42,-3.5,22.75,3000,1.39,0.5,0,0.1,0.7,0.8,0.3,0.01
Chris Moore,WR,ARI,LAR,-123,49.5,-1.5,25.5,3000,1.54,0.5,0,0.1,0.8,0.9,0.3,0.01
Stone Smartt,TE,LAC,CAR,-283,39,-6.5,22.75,2500,1.32,0.5,0,0,0.7,0.7,0.3,0.01
Kyle Juszczyk,RB,SF,MIN,-268,45.5,-6,25.75,4000,2.1,0.5,0,0.3,1.1,1.4,0.4,0.01
Isaac Guerendo,RB,SF,MIN,-268,45.5,-6,25.75,4600,2.14,0.5,0,2.2,0.4,2.6,0.6,0.01
Will Dissly,TE,LAC,CAR,-283,39,-6.5,22.75,2900,1.5,0.5,0,0,0.8,0.8,0.3,0.01
Tip Reiman,TE,ARI,LAR,-123,49.5,-1.5,25.5,2500,1,0.4,0,0,0.6,0.6,0.2,0.01
Ryan Flournoy,WR,DAL,NO,-300,46,-6.5,26.25,3000,1.35,0.4,0,0,0.8,0.8,0.3,0.01
Deuce Vaughn,RB,DAL,NO,-300,46,-6.5,26.25,4000,1.63,0.4,0,1.2,0.6,1.8,0.5,0.01
Jordan Mims,RB,NO,DAL,238,46,6.5,19.75,4000,1.74,0.4,0,3.1,0.4,3.5,0.9,0.01
Ashton Dulin,WR,IND,GB,-175,40.5,-3.5,22,3200,1.39,0.4,0,0.1,0.8,0.9,0.3,0.01
Tutu Atwell,WR,LAR,ARI,103,49.5,1.5,24,3700,1.36,0.4,0,0.1,0.8,0.9,0.2,0.01
Chris Conley,WR,SF,MIN,-268,45.5,-6,25.75,3700,1.59,0.4,0,0.1,0.8,0.9,0.2,0.01
Jared Wiley,TE,KC,CIN,-258,47.5,-6,26.75,2500,1.13,0.4,0,0,0.6,0.6,0.2,0.01
Jamison Crowder,WR,WAS,NYG,-126,44,-1.5,22.75,3000,0.79,0.3,0,0,0.5,0.5,0.2,0.01
Jha'Quan Jackson,WR,TEN,NYJ,153,41,3.5,18.75,3000,0.77,0.3,0,0,0.6,0.6,0.2,0.01
Emanuel Wilson,RB,GB,IND,145,40.5,3.5,18.5,4500,1.59,0.3,0,1.3,0.5,1.8,0.4,0.01
Tylan Wallace,WR,BAL,LV,-468,41.5,-9.5,25.5,3000,0.77,0.3,0,0.1,0.5,0.6,0.2,0.01
Blake Corum,RB,LAR,ARI,103,49.5,1.5,24,4700,1.52,0.3,0,1.2,0.4,1.6,0.3,0.01
Harrison Bryant,TE,LV,BAL,358,41.5,9.5,16,2500,0.81,0.3,0,0,0.5,0.5,0.2,0.01
Kayshon Boutte,WR,NE,SEA,149,38,3.5,17.25,3000,0.94,0.3,0,0,0.6,0.6,0.2,0.01
Trey Sermon,RB,IND,GB,-175,40.5,-3.5,22,4500,1.38,0.3,0,1.8,0.3,2.1,0.5,0
Isaiah Davis,RB,NYJ,TEN,-186,41,-3.5,22.25,4500,1.2,0.3,0,1.5,0.2,1.7,0.4,0
Devin Duvernay,WR,JAX,CLE,-174,42,-3.5,22.75,3000,0.79,0.3,0,0.1,0.5,0.6,0.2,0
Devin Culp,TE,TB,DET,261,51.5,7,22.25,2500,0.67,0.3,0,0,0.4,0.4,0.2,0
Troy Franklin,WR,DEN,PIT,132,36.5,3,16.75,3000,0.82,0.3,0,0,0.5,0.5,0.2,0
Zach Pascal,WR,ARI,LAR,-123,49.5,-1.5,25.5,3000,0.75,0.3,0,0,0.4,0.4,0.1,0
Jermaine Burton,WR,CIN,KC,208,47.5,6,20.75,3500,1.2,0.3,0,0,0.7,0.7,0.2,0
Kimani Vidal,RB,LAC,CAR,-283,39,-6.5,22.75,4200,1.31,0.3,0,1.3,0.3,1.6,0.4,0
Dallin Holker,TE,NO,DAL,238,46,6.5,19.75,2500,0.65,0.3,0,0,0.4,0.4,0.2,0
Skyy Moore,WR,KC,CIN,-258,47.5,-6,26.75,3000,0.79,0.3,0,0,0.4,0.4,0.1,0
Connor Heyward,TE,PIT,DEN,-157,36.5,-3,19.75,2500,0.66,0.3,0,0,0.5,0.5,0.2,0
Mecole Hardman,WR,KC,CIN,-258,47.5,-6,26.75,3000,1.05,0.3,0,0.2,0.7,0.9,0.3,0
Raheem Blackshear,RB,CAR,LAC,228,39,6.5,16.25,4000,1.18,0.3,0,0.8,0.7,1.5,0.4,0
Charlie Jones,WR,CIN,KC,208,47.5,6,20.75,3000,1.02,0.3,0,0,0.6,0.6,0.2,0
Ameer Abdullah,RB,LV,BAL,358,41.5,9.5,16,4000,0.75,0.2,0,0.6,0.4,1,0.3,0
Jaheim Bell,TE,NE,SEA,149,38,3.5,17.25,2500,0.6,0.2,0,0,0.4,0.4,0.2,0
Charlie Kolar,TE,BAL,LV,-468,41.5,-9.5,25.5,2500,0.61,0.2,0,0,0.4,0.4,0.2,0
Brenden Rice,WR,LAC,CAR,-283,39,-6.5,22.75,3000,0.67,0.2,0,0,0.4,0.4,0.1,0
Scotty Miller,WR,PIT,DEN,-157,36.5,-3,19.75,3000,0.7,0.2,0,0.1,0.5,0.6,0.2,0
Jamari Thrash,WR,CLE,JAX,145,42,3.5,19.25,3000,0.63,0.2,0,0,0.4,0.4,0.1,0
Craig Reynolds,RB,DET,TB,-332,51.5,-7,29.25,4000,0.83,0.2,0,0.6,0.3,0.9,0.2,0
DeeJay Dallas,RB,ARI,LAR,-123,49.5,-1.5,25.5,4000,0.76,0.2,0,0.6,0.4,1,0.3,0
Dylan Laube,RB,LV,BAL,358,41.5,9.5,16,4000,0.66,0.2,0,0.8,0.2,1,0.3,0
Malik Heath,WR,GB,IND,145,40.5,3.5,18.5,3000,0.54,0.2,0,0,0.3,0.3,0.1,0
John Bates,TE,WAS,NYG,-126,44,-1.5,22.75,2500,0.58,0.2,0,0,0.4,0.4,0.2,0
Carson Steele,RB,KC,CIN,-258,47.5,-6,26.75,4000,0.69,0.2,0,1.8,0,1.8,0.5,0
D'Ernest Johnson,RB,JAX,CLE,-174,42,-3.5,22.75,4600,0.64,0.1,0,0.9,0.2,1.1,0.2,0
Cody Schrader,RB,LAR,ARI,103,49.5,1.5,24,4000,0.28,0.1,0,0.3,0.1,0.4,0.1,0
Sean Tucker,RB,TB,DET,261,51.5,7,22.25,4200,0.46,0.1,0,0.5,0.2,0.7,0.2,0
Patrick Taylor,RB,SF,MIN,-268,45.5,-6,25.75,4300,0.34,0.1,0,0.2,0.2,0.4,0.1,0
Kenny McIntosh,RB,SEA,NE,-180,38,-3.5,20.75,4300,0.5,0.1,0,0.7,0.2,0.9,0.2,0
Erick All,TE,CIN,KC,208,47.5,6,20.75,2500,0.21,0.1,0,0,0.2,0.2,0.1,0
Tanner McLachlan,TE,CIN,KC,208,47.5,6,20.75,2500,0.32,0.1,0,0,0.2,0.2,0.1,0
Blake Watson,RB,DEN,PIT,132,36.5,3,16.75,4000,0.46,0.1,0,0.4,0.2,0.6,0.2,0
Sione Vaki,RB,DET,TB,-332,51.5,-7,29.25,4000,0.48,0.1,0,1.3,0,1.3,0.3,0
Hassan Haskins,RB,LAC,CAR,-283,39,-6.5,22.75,4100,0.46,0.1,0,0.6,0.2,0.8,0.2,0
JaMycal Hasty,RB,NE,SEA,149,38,3.5,17.25,4000,0.46,0.1,0,0.4,0.2,0.6,0.2,0
Israel Abanikanda,RB,NYJ,TEN,-186,41,-3.5,22.25,4400,0.53,0.1,0,0.2,0.4,0.6,0.1,0
Drew Lock,QB,NYG,WAS,106,44,1.5,21.25,4800,0,0,0,0,0,0,0,0
Irvin Charles,WR,NYJ,TEN,-186,41,-3.5,22.25,3000,0,0,0,0,0,0,0,0
Jake Tonges,TE,SF,MIN,-268,45.5,-6,25.75,3200,0,0,0,0,0,0,0,0
J.J. McCarthy,QB,MIN,SF,216,45.5,6,19.75,4000,0,0,0,0,0,0,0,0
Jake Browning,QB,CIN,KC,208,47.5,6,20.75,4800,0,0,0,0,0,0,0,0
Mason Rudolph,QB,TEN,NYJ,153,41,3.5,18.75,4700,0,0,0,0,0,0,0,0
Anthony Firkser,TE,NYJ,TEN,-186,41,-3.5,22.25,2500,0,0,0,0,0,0,0,0
Trayveon Williams,RB,CIN,KC,208,47.5,6,20.75,4000,0,0,0,0,0,0,0,0
Thomas Odukoya,TE,TEN,NYJ,153,41,3.5,18.75,2500,0,0,0,0,0,0,0,0
Easton Stick,QB,LAC,CAR,-283,39,-6.5,22.75,4800,0,0,0,0,0,0,0,0
Tyler Higbee,TE,LAR,ARI,103,49.5,1.5,24,3300,0,0,0,0,0,0,0,0
Jeff Foreman,WR,LV,BAL,358,41.5,9.5,16,3000,0,0,0,0,0,0,0,0
Ramel Keyton,WR,LV,BAL,358,41.5,9.5,16,3000,0,0,0,0,0,0,0,0
Mason Tipton,WR,NO,DAL,238,46,6.5,19.75,3000,0,0,0,0,0,0,0,0
Jarrett Stidham,QB,DEN,PIT,132,36.5,3,16.75,4600,0,0,0,0,0,0,0,0
Tyler Ott,TE,WAS,NYG,-126,44,-1.5,22.75,2500,0,0,0,0,0,0,0,0
Jonathon Brooks,RB,CAR,LAC,228,39,6.5,16.25,5000,0,0,0,0,0,0,0,0
Spencer Rattler,QB,NO,DAL,238,46,6.5,19.75,4000,0,0,0,0,0,0,0,0
David White,WR,JAX,CLE,-174,42,-3.5,22.75,3000,0,0,0,0,0,0,0,0
Zach Wilson,QB,DEN,PIT,132,36.5,3,16.75,4000,0,0,0,0,0,0,0,0
Keilan Robinson,RB,JAX,CLE,-174,42,-3.5,22.75,4000,0,0,0,0,0,0,0,0
Ian Thomas,TE,CAR,LAC,228,39,6.5,16.25,2500,0,0,0,0,0,0,0,0
Jeremy McNichols,RB,WAS,NYG,-126,44,-1.5,22.75,4000,0,0,0,0,0,0,0,0
Cal Adomitis,TE,CIN,KC,208,47.5,6,20.75,2500,0,0,0,0,0,0,0,0
Brett Rypien,QB,MIN,SF,216,45.5,6,19.75,4000,0,0,0,0,0,0,0,0
Dareke Young,WR,SEA,NE,-180,38,-3.5,20.75,3000,0,0,0,0,0,0,0,0
JaQuae Jackson,WR,NE,SEA,149,38,3.5,17.25,3000,0,0,0,0,0,0,0,0
Kenny Yeboah,TE,NYJ,TEN,-186,41,-3.5,22.25,2600,0,0,0,0,0,0,0,0
Ko Kieft,TE,TB,DET,261,51.5,7,22.25,2500,0,0,0,0,0,0,0,0
Nick Mullens,QB,MIN,SF,216,45.5,6,19.75,4500,0,0,0,0,0,0,0,0
Julius Chestnut,RB,TEN,NYJ,153,41,3.5,18.75,4000,0,0,0,0,0,0,0,0
Chris Manhertz,TE,NYG,WAS,106,44,1.5,21.25,2500,0,0,0,0,0,0,0,0
Drake Maye,QB,NE,SEA,149,38,3.5,17.25,5000,0,0,0,0,0,0,0,0
Jordan Travis,QB,NYJ,TEN,-186,41,-3.5,22.25,4000,0,0,0,0,0,0,0,0
Trey Lance,QB,DAL,NO,-300,46,-6.5,26.25,4000,0,0,0,0,0,0,0,0
DJ Turner,WR,LV,BAL,358,41.5,9.5,16,3000,0,0,0,0,0,0,0,0
Jordan Matthews,TE,CAR,LAC,228,39,6.5,16.25,2500,0,0,0,0,0,0,0,0
Josh Johnson,QB,BAL,LV,-468,41.5,-9.5,25.5,4000,0,0,0,0,0,0,0,0
Ricky Pearsall,WR,SF,MIN,-268,45.5,-6,25.75,3000,0,0,0,0,0,0,0,0
Eric Tomlinson,TE,LAC,CAR,-283,39,-6.5,22.75,2500,0,0,0,0,0,0,0,0
Jaaron Hayek,WR,KC,CIN,-258,47.5,-6,26.75,3000,0,0,0,0,0,0,0,0
MyCole Pruitt,TE,PIT,DEN,-157,36.5,-3,19.75,2500,0,0,0,0,0,0,0,0
Patrick Ricard,RB,BAL,LV,-468,41.5,-9.5,25.5,4000,0,0,0,0,0,0,0,0
Russell Wilson,QB,PIT,DEN,-157,36.5,-3,19.75,5400,0,0,0,0,0,0,0,0
Messiah Swinson,TE,CAR,LAC,228,39,6.5,16.25,2500,0,0,0,0,0,0,0,0
Tyrod Taylor,QB,NYJ,TEN,-186,41,-3.5,22.25,5200,0,0,0,0,0,0,0,0
Elijah Mitchell,RB,SF,MIN,-268,45.5,-6,25.75,4000,0,0,0,0,0,0,0,0
Tyler Goodson,RB,IND,GB,-175,40.5,-3.5,22,4000,0,0,0,0,0,0,0,0
Nick Muse,TE,MIN,SF,216,45.5,6,19.75,2500,0,0,0,0,0,0,0,0
AJ Dillon,RB,GB,IND,145,40.5,3.5,18.5,4000,0,0,0,0,0,0,0,0
Zay Jones,WR,ARI,LAR,-123,49.5,-1.5,25.5,4600,0,0,0,0,0,0,0,0
Rasheen Ali,RB,BAL,LV,-468,41.5,-9.5,25.5,4000,0,0,0,0,0,0,0,0
Isaiah Williams,WR,DET,TB,-332,51.5,-7,29.25,3000,0,0,0,0,0,0,0,0
Jelani Woods,TE,IND,GB,-175,40.5,-3.5,22,2500,0,0,0,0,0,0,0,0
Colson Yankoff,TE,WAS,NYG,-126,44,-1.5,22.75,2500,0,0,0,0,0,0,0,0
Chris Evans,RB,CIN,KC,208,47.5,6,20.75,4000,0,0,0,0,0,0,0,0
Kameron Johnson,WR,TB,DET,261,51.5,7,22.25,3000,0,0,0,0,0,0,0,0
Taylor Heinicke,QB,LAC,CAR,-283,39,-6.5,22.75,4500,0,0,0,0,0,0,0,0
Drew Ogletree,TE,IND,GB,-175,40.5,-3.5,22,2500,0,0,0,0,0,0,0,0
Sam Ehlinger,QB,IND,GB,-175,40.5,-3.5,22,4000,0,0,0,0,0,0,0,0
Sam Hartman,QB,WAS,NYG,-126,44,-1.5,22.75,4000,0,0,0,0,0,0,0,0
Nick Chubb,RB,CLE,JAX,145,42,3.5,19.25,5900,0,0,0,0,0,0,0,0
Sam Howell,QB,SEA,NE,-180,38,-3.5,20.75,5000,0,0,0,0,0,0,0,0
Carson Wentz,QB,KC,CIN,-258,47.5,-6,26.75,4700,0,0,0,0,0,0,0,0
Joe Milton,QB,NE,SEA,149,38,3.5,17.25,4000,0,0,0,0,0,0,0,0
Kendrick Bourne,WR,NE,SEA,149,38,3.5,17.25,3000,0,0,0,0,0,0,0,0
David Martin-Robinson,TE,TEN,NYJ,153,41,3.5,18.75,2500,0,0,0,0,0,0,0,0
Brandon Allen,QB,SF,MIN,-268,45.5,-6,25.75,4000,0,0,0,0,0,0,0,0
Keaton Mitchell,RB,BAL,LV,-468,41.5,-9.5,25.5,4000,0,0,0,0,0,0,0,0
Hunter Long,TE,LAR,ARI,103,49.5,1.5,24,2500,0,0,0,0,0,0,0,0
Nate Adkins,TE,DEN,PIT,132,36.5,3,16.75,2500,0,0,0,0,0,0,0,0
Jordan Love,QB,GB,IND,145,40.5,3.5,18.5,6500,0,0,0,0,0,0,0,0
Owen Wright,RB,BAL,LV,-468,41.5,-9.5,25.5,4000,0,0,0,0,0,0,0,0
Juwann Winfree,WR,IND,GB,-175,40.5,-3.5,22,3000,0,0,0,0,0,0,0,0
Trishton Jackson,WR,MIN,SF,216,45.5,6,19.75,3000,0,0,0,0,0,0,0,0
Aidan O'Connell,QB,LV,BAL,358,41.5,9.5,16,5100,0,0,0,0,0,0,0,0
Joe Flacco,QB,IND,GB,-175,40.5,-3.5,22,5000,0,0,0,0,0,0,0,0
Zach Wood,TE,NO,DAL,238,46,6.5,19.75,2500,0,0,0,0,0,0,0,0
D'Onta Foreman,RB,CLE,JAX,145,42,3.5,19.25,4400,0,0,0,0,0,0,0,0
Adam Prentice,RB,NO,DAL,238,46,6.5,19.75,4000,0,0,0,0,0,0,0,0
Jimmy Garoppolo,QB,LAR,ARI,103,49.5,1.5,24,4000,0,0,0,0,0,0,0,0
Travis Vokolek,TE,ARI,LAR,-123,49.5,-1.5,25.5,2500,0,0,0,0,0,0,0,0
Chase Edmonds,RB,TB,DET,261,51.5,7,22.25,4000,0,0,0,0,0,0,0,0
Brady Russell,TE,SEA,NE,-180,38,-3.5,20.75,2500,0,0,0,0,0,0,0,0
Clayton Tune,QB,ARI,LAR,-123,49.5,-1.5,25.5,4000,0,0,0,0,0,0,0,0
Jeff Driskel,QB,WAS,NYG,-126,44,-1.5,22.75,4500,0,0,0,0,0,0,0,0
Jaelon Darden,WR,CLE,JAX,145,42,3.5,19.25,3000,0,0,0,0,0,0,0,0
Kyle Trask,QB,TB,DET,261,51.5,7,22.25,4000,0,0,0,0,0,0,0,0
Colton Dowell,WR,TEN,NYJ,153,41,3.5,18.75,3000,0,0,0,0,0,0,0,0
Gunner Olszewski,WR,NYG,WAS,106,44,1.5,21.25,3000,0,0,0,0,0,0,0,0
Kendre Miller,RB,NO,DAL,238,46,6.5,19.75,4000,0,0,0,0,0,0,0,0
Mike Boone,RB,CAR,LAC,228,39,6.5,16.25,4000,0,0,0,0,0,0,0,0
Jake Haener,QB,NO,DAL,238,46,6.5,19.75,4600,0,0,0,0,0,0,0,0
Malik Taylor,WR,NYJ,TEN,-186,41,-3.5,22.25,3000,0,0,0,0,0,0,0,0
Ben Sims,TE,GB,IND,145,40.5,3.5,18.5,2500,0,0,0,0,0,0,0,0
Cooper Rush,QB,DAL,NO,-300,46,-6.5,26.25,4600,0,0,0,0,0,0,0,0
Rakim Jarrett,WR,TB,DET,261,51.5,7,22.25,3000,0,0,0,0,0,0,0,0
Simi Fehoko,WR,LAC,CAR,-283,39,-6.5,22.75,3000,0,0,0,0,0,0,0,0
Mac Jones,QB,JAX,CLE,-174,42,-3.5,22.75,4900,0,0,0,0,0,0,0,0
Stetson Bennett,QB,LAR,ARI,103,49.5,1.5,24,4000,0,0,0,0,0,0,0,0
T.J. Hockenson,TE,MIN,SF,216,45.5,6,19.75,5800,0,0,0,0,0,0,0,0
Andrew DePaola,TE,MIN,SF,216,45.5,6,19.75,2500,0,0,0,0,0,0,0,0
Nick Vannett,TE,TEN,NYJ,153,41,3.5,18.75,2500,0,0,0,0,0,0,0,0
Xavier Weaver,WR,ARI,LAR,-123,49.5,-1.5,25.5,3000,0,0,0,0,0,0,0,0
Clyde Edwards-Helaire,RB,KC,CIN,-258,47.5,-6,26.75,4000,0,0,0,0,0,0,0,0
Parker Hesse,TE,DET,TB,-332,51.5,-7,29.25,2500,0,0,0,0,0,0,0,0
Eric Saubert,TE,SF,MIN,-268,45.5,-6,25.75,3000,0,0,0,0,0,0,0,0
Brevyn Spann-Ford,TE,DAL,NO,-300,46,-6.5,26.25,2800,0,0,0,0,0,0,0,0
Jameis Winston,QB,CLE,JAX,145,42,3.5,19.25,5000,0,0,0,0,0,0,0,0
Marcus Mariota,QB,WAS,NYG,-126,44,-1.5,22.75,4000,0,0,0,0,0,0,0,0
Brenden Bates,TE,NYJ,TEN,-186,41,-3.5,22.25,2700,0,0,0,0,0,0,0,0
Evan Deckers,TE,TB,DET,261,51.5,7,22.25,2500,0,0,0,0,0,0,0,0
Tyreik McAllister,RB,LV,BAL,358,41.5,9.5,16,4000,0,0,0,0,0,0,0,0
Dorian Thompson-Robinson,QB,CLE,JAX,145,42,3.5,19.25,4000,0,0,0,0,0,0,0,0
John Stephens,TE,DAL,NO,-300,46,-6.5,26.25,3000,0,0,0,0,0,0,0,0
Hunter Luepke,RB,DAL,NO,-300,46,-6.5,26.25,4000,0,0,0,0,0,0,0,0
Joshua Dobbs,QB,SF,MIN,-268,45.5,-6,25.75,4500,0,0,0,0,0,0,0,0
James Winchester,TE,KC,CIN,-258,47.5,-6,26.75,2500,0,0,0,0,0,0,0,0
Hendon Hooker,QB,DET,TB,-332,51.5,-7,29.25,4000,0,0,0,0,0,0,0,0
C.J. Ham,RB,MIN,SF,216,45.5,6,19.75,4000,0,0,0,0,0,0,0,0
Nyheim Hines,RB,CLE,JAX,145,42,3.5,19.25,4000,0,0,0,0,0,0,0,0
Mitchell Fraboni,TE,DEN,PIT,132,36.5,3,16.75,2500,0,0,0,0,0,0,0,0
Puka Nacua,WR,LAR,ARI,103,49.5,1.5,24,7000,0,0,0,0,0,0,0,0
Andy Dalton,QB,CAR,LAC,228,39,6.5,16.25,4800,0,0,0,0,0,0,0,0
Tommy DeVito,QB,NYG,WAS,106,44,1.5,21.25,4300,0,0,0,0,0,0,0,0
DJ Chark,WR,LAC,CAR,-283,39,-6.5,22.75,3000,0,0,0,0,0,0,0,0
Patrick Murtagh,TE,JAX,CLE,-174,42,-3.5,22.75,2500,0,0,0,0,0,0,0,0
Tyler Davis,TE,GB,IND,145,40.5,3.5,18.5,2500,0,0,0,0,0,0,0,0
Luke Farrell,TE,JAX,CLE,-174,42,-3.5,22.75,2500,0,0,0,0,0,0,0,0
Antoine Green,WR,DET,TB,-332,51.5,-7,29.25,3000,0,0,0,0,0,0,0,0
Chase Cota,WR,NYG,WAS,106,44,1.5,21.25,3000,0,0,0,0,0,0,0,0
Bryce Ford-Wheaton,WR,NYG,WAS,106,44,1.5,21.25,3000,0,0,0,0,0,0,0,0
Tre'Quan Smith,WR,DET,TB,-332,51.5,-7,29.25,3000,0,0,0,0,0,0,0,0
Kyle Allen,QB,PIT,DEN,-157,36.5,-3,19.75,4000,0,0,0,0,0,0,0,0